Deň,Počet používateľov
01.01.2022,1300
02.01.2022,1192
03.01.2022,1344
04.01.2022,1099
05.01.2022,1414
06.01.2022,1541
07.01.2022,1308
08.01.2022,1570
09.01.2022,1241
10.01.2022,1604
11.01.2022,1395
12.01.2022,1651
13.01.2022,1623
14.01.2022,1656
15.01.2022,1606
16.01.2022,909
17.01.2022,1636
18.01.2022,1300
19.01.2022,1385
20.01.2022,1531
21.01.2022,696
22.01.2022,1124
23.01.2022,1350
24.01.2022,1465
25.01.2022,1316
26.01.2022,1445
27.01.2022,1219
28.01.2022,1383
29.01.2022,1080
30.01.2022,1370
31.01.2022,1349
01.02.2022,1453
02.02.2022,1456
03.02.2022,1447
04.02.2022,1251
05.02.2022,1533
06.02.2022,1281
07.02.2022,1715
08.02.2022,1419
09.02.2022,1660
10.02.2022,1320
11.02.2022,1616
12.02.2022,1194
13.02.2022,1658
14.02.2022,1190
15.02.2022,1790
16.02.2022,1589
17.02.2022,2113
18.02.2022,960
19.02.2022,37
20.02.2022,61
21.02.2022,1367
22.02.2022,1464
23.02.2022,1855
24.02.2022,1525
25.02.2022,1929
26.02.2022,1424
27.02.2022,1742
28.02.2022,845
01.03.2022,541
02.03.2022,717
03.03.2022,1929
04.03.2022,1890
05.03.2022,1907
06.03.2022,1961
07.03.2022,1847
08.03.2022,1866
09.03.2022,2753
10.03.2022,2023
11.03.2022,2035
12.03.2022,1729
13.03.2022,1972
14.03.2022,1943
15.03.2022,558
16.03.2022,133
17.03.2022,842
18.03.2022,1843
19.03.2022,2022
20.03.2022,1713
21.03.2022,2623
22.03.2022,2130
23.03.2022,1977
24.03.2022,1662
25.03.2022,2214
26.03.2022,1424
27.03.2022,1551
28.03.2022,1515
29.03.2022,1747
30.03.2022,2143
31.03.2022,2182
01.04.2022,2107
02.04.2022,2461
03.04.2022,2178
04.04.2022,2435
05.04.2022,2260
06.04.2022,2469
07.04.2022,2296
08.04.2022,3007
09.04.2022,2969
10.04.2022,2443
11.04.2022,2719
12.04.2022,1968
13.04.2022,2561
14.04.2022,1851
15.04.2022,2268
16.04.2022,1649
17.04.2022,2679
18.04.2022,893
19.04.2022,2119
20.04.2022,2298
21.04.2022,2693
22.04.2022,3162
23.04.2022,438
24.04.2022,635
25.04.2022,1227
26.04.2022,582
27.04.2022,785
28.04.2022,580
29.04.2022,101
30.04.2022,39
01.05.2022,45
02.05.2022,160
03.05.2022,170
04.05.2022,166
05.05.2022,139
06.05.2022,139
07.05.2022,558
08.05.2022,1487
09.05.2022,1619
10.05.2022,1748
11.05.2022,1406
12.05.2022,1736
13.05.2022,1541
14.05.2022,1797
15.05.2022,1506
16.05.2022,2070
17.05.2022,1569
18.05.2022,1067
19.05.2022,1490
20.05.2022,2049
21.05.2022,1687
22.05.2022,1809
23.05.2022,1912
24.05.2022,2306
25.05.2022,2168
26.05.2022,1586
27.05.2022,1546
28.05.2022,1548
29.05.2022,1482
30.05.2022,1571
31.05.2022,1782
01.06.2022,1717
02.06.2022,1688
03.06.2022,1569
04.06.2022,1528
05.06.2022,1598
06.06.2022,1578
07.06.2022,514
08.06.2022,140
09.06.2022,1281
10.06.2022,1622
11.06.2022,1570
12.06.2022,1640
13.06.2022,1554
14.06.2022,1492
15.06.2022,1830
16.06.2022,1521
17.06.2022,1571
18.06.2022,1292
19.06.2022,1283
20.06.2022,1635
21.06.2022,1947
22.06.2022,2118
23.06.2022,1640
24.06.2022,1450
25.06.2022,1526
26.06.2022,1593
27.06.2022,1813
28.06.2022,1665
29.06.2022,1570
30.06.2022,1630
01.07.2022,1550
02.07.2022,1566
03.07.2022,1611
04.07.2022,1578
05.07.2022,1519
06.07.2022,1341
07.07.2022,1419
08.07.2022,1445
09.07.2022,1458
10.07.2022,1572
11.07.2022,1756
12.07.2022,1828
13.07.2022,1982
14.07.2022,1880
15.07.2022,1822
16.07.2022,1544
17.07.2022,1547
18.07.2022,1836
19.07.2022,1842
20.07.2022,1645
21.07.2022,1756
22.07.2022,1826
23.07.2022,1817
24.07.2022,1596
25.07.2022,767
26.07.2022,105
27.07.2022,111
28.07.2022,170
29.07.2022,1970
30.07.2022,2253
31.07.2022,2233
01.08.2022,1555
02.08.2022,1748
03.08.2022,1859
04.08.2022,1712
05.08.2022,1954
06.08.2022,1129
07.08.2022,1751
08.08.2022,1820
09.08.2022,2215
10.08.2022,2117
11.08.2022,1779
12.08.2022,1125
13.08.2022,993
14.08.2022,23
15.08.2022,98
16.08.2022,1266
17.08.2022,2304
18.08.2022,2258
19.08.2022,2573
20.08.2022,3023
21.08.2022,2712
22.08.2022,3189
23.08.2022,2898
24.08.2022,2435
25.08.2022,2181
26.08.2022,1651
27.08.2022,1850
28.08.2022,1599
29.08.2022,1591
30.08.2022,1455
31.08.2022,1402
01.09.2022,1263
02.09.2022,1739
03.09.2022,1896
04.09.2022,2094
05.09.2022,2254
06.09.2022,2135
07.09.2022,523
08.09.2022,1400
09.09.2022,1807
10.09.2022,1811
11.09.2022,2251
12.09.2022,2289
13.09.2022,1867
14.09.2022,1857
15.09.2022,1729
16.09.2022,1395
17.09.2022,1712
18.09.2022,1906
19.09.2022,2122
20.09.2022,1959
21.09.2022,348
22.09.2022,1224
23.09.2022,1367
24.09.2022,1690
25.09.2022,1774
26.09.2022,1866
27.09.2022,1874
28.09.2022,1545
29.09.2022,1510
30.09.2022,1472
01.10.2022,1608
02.10.2022,1568
03.10.2022,1754
04.10.2022,1584
05.10.2022,1548
06.10.2022,1198
07.10.2022,1422
08.10.2022,1486
09.10.2022,2003
10.10.2022,1966
11.10.2022,1232
12.10.2022,2257
13.10.2022,1762
14.10.2022,880
15.10.2022,810
16.10.2022,1136
17.10.2022,1544
18.10.2022,1536
19.10.2022,1378
20.10.2022,2551
21.10.2022,1682
22.10.2022,1240
23.10.2022,1425
24.10.2022,1671
25.10.2022,2290
26.10.2022,1558
27.10.2022,1804
28.10.2022,703
29.10.2022,123
30.10.2022,92
31.10.2022,101
01.11.2022,58
02.11.2022,180
03.11.2022,3767
04.11.2022,4830
05.11.2022,2032
06.11.2022,1666
07.11.2022,2112
08.11.2022,1708
09.11.2022,2120
10.11.2022,1722
11.11.2022,656
12.11.2022,2242
13.11.2022,1480
14.11.2022,1676
15.11.2022,1520
16.11.2022,1244
17.11.2022,332
18.11.2022,91
19.11.2022,31
20.11.2022,48
21.11.2022,112
22.11.2022,1061
23.11.2022,1564
24.11.2022,770
25.11.2022,632
26.11.2022,660
27.11.2022,649
28.11.2022,789
29.11.2022,937
30.11.2022,934
01.12.2022,1316
02.12.2022,1305
03.12.2022,1157
04.12.2022,1087
05.12.2022,1070
06.12.2022,1511
07.12.2022,545
08.12.2022,169
09.12.2022,116
10.12.2022,2023
11.12.2022,2016
12.12.2022,2567
13.12.2022,1147
14.12.2022,1339
15.12.2022,940
16.12.2022,1141
17.12.2022,1235
18.12.2022,986
19.12.2022,1200
20.12.2022,1023
21.12.2022,1228
22.12.2022,1233
23.12.2022,998
24.12.2022,998
25.12.2022,951
26.12.2022,1425
27.12.2022,795
28.12.2022,667
29.12.2022,229
30.12.2022,705
31.12.2022,1835
01.01.2023,1617
02.01.2023,1337
03.01.2023,1012
04.01.2023,986
05.01.2023,865
06.01.2023,851
07.01.2023,463
08.01.2023,1530
09.01.2023,1623
10.01.2023,504
11.01.2023,390
12.01.2023,475
13.01.2023,2769
14.01.2023,1643
15.01.2023,1241
16.01.2023,1100
17.01.2023,819
18.01.2023,1119
19.01.2023,1096
20.01.2023,984
21.01.2023,936
22.01.2023,604
23.01.2023,715
24.01.2023,684
25.01.2023,681
26.01.2023,1073
27.01.2023,1183
28.01.2023,900
29.01.2023,1249
30.01.2023,999
31.01.2023,1655
01.02.2023,728
02.02.2023,523
03.02.2023,245
04.02.2023,121
05.02.2023,2545
06.02.2023,2256
07.02.2023,2638
08.02.2023,1356
09.02.2023,1374
10.02.2023,1255
11.02.2023,1153
12.02.2023,1008
13.02.2023,716
14.02.2023,400
15.02.2023,849
16.02.2023,409
17.02.2023,525
18.02.2023,594
19.02.2023,707
20.02.2023,655
21.02.2023,2619
22.02.2023,1195
23.02.2023,2248
24.02.2023,1354
25.02.2023,1136
26.02.2023,1064
27.02.2023,1156
28.02.2023,1132
01.03.2023,1137
02.03.2023,708
03.03.2023,668
04.03.2023,254
05.03.2023,1415
06.03.2023,1427
07.03.2023,366
08.03.2023,622
09.03.2023,389
10.03.2023,339
11.03.2023,275
12.03.2023,283
13.03.2023,536
14.03.2023,2218
15.03.2023,830
16.03.2023,411
17.03.2023,530
18.03.2023,521
19.03.2023,1194
20.03.2023,580
21.03.2023,1436
22.03.2023,911
23.03.2023,621
24.03.2023,333
25.03.2023,240
26.03.2023,292
27.03.2023,257
28.03.2023,552
29.03.2023,267
30.03.2023,307
31.03.2023,1116
01.04.2023,1331
02.04.2023,499
03.04.2023,1014
04.04.2023,895
05.04.2023,911
06.04.2023,767
07.04.2023,664
08.04.2023,521
09.04.2023,644
10.04.2023,680
11.04.2023,968
12.04.2023,818
13.04.2023,997
14.04.2023,1565
15.04.2023,1265
16.04.2023,967
17.04.2023,1324
18.04.2023,1439
19.04.2023,1991
20.04.2023,608
21.04.2023,981
22.04.2023,1444
23.04.2023,1510
24.04.2023,3172
25.04.2023,949
26.04.2023,862
27.04.2023,206
28.04.2023,191
29.04.2023,348
30.04.2023,2083
01.05.2023,2196
02.05.2023,1588
03.05.2023,1527
04.05.2023,698
05.05.2023,1351
06.05.2023,1468
07.05.2023,1008
08.05.2023,1408
09.05.2023,1486
10.05.2023,1335
11.05.2023,686
12.05.2023,1059
13.05.2023,1196
14.05.2023,1328
15.05.2023,891
16.05.2023,1284
17.05.2023,1472
18.05.2023,1010
19.05.2023,1109
20.05.2023,585
21.05.2023,608
22.05.2023,349
23.05.2023,1212
24.05.2023,310
25.05.2023,231
26.05.2023,186
27.05.2023,73
28.05.2023,198
29.05.2023,714
30.05.2023,2320
31.05.2023,1867
01.06.2023,2206
02.06.2023,2317
03.06.2023,2048
04.06.2023,2014
05.06.2023,2316
06.06.2023,2050
07.06.2023,2101
08.06.2023,841
09.06.2023,2145
10.06.2023,1963
11.06.2023,2065
12.06.2023,2281
13.06.2023,2272
14.06.2023,2368
15.06.2023,598
16.06.2023,343
17.06.2023,291
18.06.2023,203
19.06.2023,413
20.06.2023,592
21.06.2023,462
22.06.2023,479
23.06.2023,199
24.06.2023,202
25.06.2023,166
26.06.2023,285
27.06.2023,278
28.06.2023,222
29.06.2023,188
30.06.2023,152
01.07.2023,210
02.07.2023,121
03.07.2023,342
04.07.2023,237
05.07.2023,184
06.07.2023,157
07.07.2023,359
08.07.2023,250
09.07.2023,232
10.07.2023,301
11.07.2023,333
12.07.2023,325
13.07.2023,326
14.07.2023,181
15.07.2023,190
16.07.2023,174
17.07.2023,349
18.07.2023,323
19.07.2023,233
20.07.2023,264
21.07.2023,126
22.07.2023,38
23.07.2023,64
24.07.2023,184
25.07.2023,193
26.07.2023,190
